{"metadata":{"asset_id":"d3139b7b-27fc-47cd-9775-c2ff9b283e0c","asset_attributes":["data_asset","directory_asset"],"name":"pro.xlsx","asset_type":"data_asset","created_at":"2024-11-07T10:59:13Z","origin_country":"us","owner_id":"IBMid-698000LKDB","project_id":"f5edfd96-9a58-43d2-acb5-5c2d0d1c0e72","size":301667,"usage":{"last_update_time":1730977153450,"last_updated_at":"2024-11-07T10:59:13Z"}},"entity":{"data_asset":{"mime_type":"application/vnd.openxmlformats-officedocument.spreadsheetml.sheet","dataset":false},"directory_asset":{"path":""},"location_definition":{"physical_location_code_assignment_method":"INFERRED","physical_location_code":"FRA","physical_location_code_assigned_by":"IBMid-698000LKDB","physical_location_code_added_on":"1730977153753","physical_location_code_rds_version":"00002024-1104-4203-8041-821442000000_4","physical_location_code_rds_id":"c57cb90f-2126-3800-9c9f-9eab82021cdf"}},"attachments":[{"id":"9ded01fa-0625-4e2a-a50c-50e2e289b184","version":2,"asset_type":"data_asset","name":"pro.xlsx","mime":"application/vnd.openxmlformats-officedocument.spreadsheetml.sheet","datasource_type":"193a97c1-4475-4a19-b90c-295c4fdc6517","object_key":"pro.xlsx","creator_id":"IBMid-698000LKDB","create_time":1730977153755,"size":301667,"is_remote":false,"is_managed":false,"is_referenced":true,"is_object_key_read_only":true,"is_user_provided_path_key":true,"transfer_complete":true,"is_partitioned":false,"complete_time_ticks":1730977153755,"user_data":{},"test_doc":0,"handle":{"bucket":"new-donotdelete-pr-34dklg4qydmqjl","location":"eu-de","type":"bluemix_cos","key":"pro.xlsx","upload_id":"done","max_part_num":1},"usage":{"access_count":0,"last_accessor_id":"IBMid-698000LKDB","last_access_time":1730977153755}}]}
