{"metadata":{"asset_id":"574050e0-7205-477b-8cff-6f13c21039c1","asset_attributes":["notebook"],"name":"new qassim","asset_type":"notebook","created_at":"2024-11-08T10:49:10Z","description":"","origin_country":"us","owner_id":"IBMid-698000LKDB","project_id":"f5edfd96-9a58-43d2-acb5-5c2d0d1c0e72","size":34230,"tags":["notebook"],"usage":{"last_update_time":1731092081470,"last_updated_at":"2024-11-08T18:54:41Z"}},"entity":{"notebook":{"kernel":{"name":"python3","display_name":"Python 3.11","language":"python"},"originates_from":{"type":"blank"},"runtime":{"environment":"rt241pys2-f5edfd96-9a58-43d2-acb5-5c2d0d1c0e72"}},"location_definition":{"physical_location_code":"FRA","physical_location_code_assigned_by":"IBMid-698000LKDB","physical_location_code_rds_id":"c57cb90f-2126-3800-9c9f-9eab82021cdf","physical_location_code_rds_version":"00002024-1104-4203-8041-821442000000_4","physical_location_code_assignment_method":"INFERRED","physical_location_code_added_on":"1731062951436"}},"attachments":[{"id":"9a70e4cf-6f03-4dbe-b395-491f3eaa4b17","version":2,"asset_type":"notebook","name":"attachment for notebook 574050e0-7205-477b-8cff-6f13c21039c1","description":"attachment for notebook 574050e0-7205-477b-8cff-6f13c21039c1","mime":"application/json","datasource_type":"193a97c1-4475-4a19-b90c-295c4fdc6517","object_key":"notebook/new_qassim_luvs4lr32.ipynb","creator_id":"IBMid-698000LKDB","create_time":1731062951438,"size":34230,"is_remote":false,"is_managed":false,"is_referenced":true,"is_object_key_read_only":false,"is_user_provided_path_key":true,"transfer_complete":true,"is_partitioned":false,"complete_time_ticks":1731062951438,"user_data":{},"test_doc":0,"handle":{"bucket":"new-donotdelete-pr-34dklg4qydmqjl","location":"eu-de","type":"bluemix_cos","key":"notebook/new_qassim_luvs4lr32.ipynb","upload_id":"done","max_part_num":1},"usage":{"access_count":40,"last_accessor_id":"IBMid-698000LKDB","last_access_time":1731092081469,"last_updater_id":"IBMid-698000LKDB","last_update_time":1731092081469}}]}
