{"metadata":{"asset_id":"faabb4c7-453b-4f51-a810-d838e84d5da3","asset_attributes":["notebook"],"name":"train model","asset_type":"notebook","created_at":"2024-11-05T22:24:11Z","description":"","origin_country":"us","owner_id":"IBMid-698000LKDB","project_id":"f5edfd96-9a58-43d2-acb5-5c2d0d1c0e72","size":121079,"tags":["notebook"],"usage":{"last_update_time":1730982517583,"last_updated_at":"2024-11-07T12:28:37Z"}},"entity":{"notebook":{"kernel":{"name":"python3","display_name":"Python 3.11","language":"python"},"originates_from":{"type":"blank"},"runtime":{"environment":"rt241pys2-f5edfd96-9a58-43d2-acb5-5c2d0d1c0e72"}},"location_definition":{"physical_location_code":"FRA","physical_location_code_assigned_by":"IBMid-698000LKDB","physical_location_code_rds_id":"c57cb90f-2126-3800-9c9f-9eab82021cdf","physical_location_code_rds_version":"00002024-1104-4203-8041-821442000000_4","physical_location_code_assignment_method":"INFERRED","physical_location_code_added_on":"1730845452329"}},"attachments":[{"id":"05a74682-fc2c-4f46-af18-d7471cf1532b","version":2,"asset_type":"notebook","name":"attachment for notebook faabb4c7-453b-4f51-a810-d838e84d5da3","description":"attachment for notebook faabb4c7-453b-4f51-a810-d838e84d5da3","mime":"application/json","datasource_type":"193a97c1-4475-4a19-b90c-295c4fdc6517","object_key":"notebook/train_model_8Pb6m3nTo.ipynb","creator_id":"IBMid-698000LKDB","create_time":1730845452333,"size":121079,"is_remote":false,"is_managed":false,"is_referenced":true,"is_object_key_read_only":false,"is_user_provided_path_key":true,"transfer_complete":true,"is_partitioned":false,"complete_time_ticks":1730845452333,"user_data":{},"test_doc":0,"handle":{"bucket":"new-donotdelete-pr-34dklg4qydmqjl","location":"eu-de","type":"bluemix_cos","key":"notebook/train_model_8Pb6m3nTo.ipynb","upload_id":"done","max_part_num":1},"usage":{"access_count":73,"last_accessor_id":"IBMid-698000LKDB","last_access_time":1730982517582,"last_updater_id":"IBMid-698000LKDB","last_update_time":1730982517582}}]}
